Workbook

Sheet 客户基础信息池
A1: 🌊 客户基础信息池
A2: 序号 | B2: 客户/公司名称 | C2: 游戏名称 | D2: 游戏品类 | E2: 上线日期 | F2: DAU(万) | G2: 月流水(万) | H2: 变现模式 | I2: 年轻用户占比 | J2: 内容调性 | K2: 已知投放平台 | L2: 信息来源
A3: 1 | B3: XX游戏科技 | C3: 开心消消乐2 | D3: 休闲 | E3: 2024/06/15 | F3: 350 | G3: 800 | H3: IAA+IAP混合 | I3: 55% | J3: 年轻潮流/社交向 | K3: 抖音/微信 | L3: 情报周报
A4: 2 | B4: YY互娱 | C4: 王国纪元Lite | D4: SLG | E4: 2025/01/20 | F4: 120 | G4: 1500 | H4: IAA+IAP混合 | I4: 40% | J4: 泛娱乐 | K4: 抖音/快手 | L4: DataTalk
A5: 3 | B5: ZZ网络 | C5: 我的小店 | D5: 模拟经营 | E5: 2025/03/10 | F5: 200 | G5: 400 | H5: 纯IAA | I5: 60% | J5: 年轻潮流/社交向 | K5: 微信 | L5: 阿拉丁榜单
A6: 4 | B6: AA工作室 | C6: 脑洞大挑战 | D6: 休闲 | E6: 2024/09/01 | F6: 500 | G6: 600 | H6: 纯IAA | I6: 65% | J6: 年轻潮流/社交向 | K6: 抖音/微信/快手 | L6: 情报周报
A7: 5 | B7: BB科技 | C7: 末日要塞 | D7: SLG | E7: 2024/12/05 | F7: 80 | G7: 2000 | H7: 纯IAP | I7: 35% | J7: 泛娱乐 | K7: 抖音 | L7: 销售推荐
A8: 6 | B8: CC游戏 | C8: 合成大作战 | D8: 休闲 | E8: 2025/06/20 | F8: 180 | G8: 350 | H8: 纯IAA | I8: 70% | J8: 年轻潮流/社交向 | K8: 微信 | L8: 阿拉丁榜单
A9: 7 | B9: DD互动 | C9: 梦想家园 | D9: 模拟经营 | E9: 2025/02/14 | F9: 150 | G9: 500 | H9: IAA+IAP混合 | I9: 50% | J9: 年轻潮流/社交向 | K9: 微信/小红书 | L9: 情报周报
A10: 8 | B10: EE网络 | C10: 卡牌大师 | D10: 卡牌 | E10: 2024/11/10 | F10: 90 | G10: 900 | H10: IAA+IAP混合 | I10: 45% | J10: 泛娱乐 | K10: 抖音/微信 | L10: DataTalk

Sheet 筛选评分表
A1: 🎯 四维筛选评分表（自动加权计算）
A2: 客户名称 | B2: 游戏名称 | C2: 基础面-DAU | D2: 基础面-上线时长 | E2: 基础面-品类契合 | F2: 基础面小计(25%) | G2: 商业化-IAA收入 | H2: 商业化-投放活跃 | I2: 商业化-变现模式 | J2: 商业化小计(30%) | K2: QQ契合-画像重合 | L2: QQ契合-调性匹配 | M2: QQ契合-IP社交 | N2: QQ契合小计(25%) | O2: 预算-历史预算 | P2: 预算-品牌意愿 | Q2: 预算-竞媒活跃 | R2: 预算小计(20%) | S2: 综合得分 | T2: 客户等级
A3: XX游戏科技 | B3: 开心消消乐2 | C3: 5 | D3: 5 | E3: 5 | F3: =AVERAGE(C3:E3) | G3: 5 | H3: 5 | I3: 5 | J3: =AVERAGE(G3:I3) | K3: 5 | L3: 5 | M3: 4 | N3: =AVERAGE(K3:M3) | O3: 4 | P3: 4 | Q3: 5 | R3: =AVERAGE(O3:Q3) | S3: =F3*0.25+J3*0.3+N3*0.25+R3*0.2 | T3: =IF(S3>=4,"S",IF(S3>=3,"A",IF(S3>=2,"B","C")))
A4: YY互娱 | B4: 王国纪元Lite | C4: 3 | D4: 4 | E4: 3 | F4: =AVERAGE(C4:E4) | G4: 5 | H4: 4 | I4: 5 | J4: =AVERAGE(G4:I4) | K4: 3 | L4: 3 | M4: 3 | N4: =AVERAGE(K4:M4) | O4: 5 | P4: 4 | Q4: 4 | R4: =AVERAGE(O4:Q4) | S4: =F4*0.25+J4*0.3+N4*0.25+R4*0.2 | T4: =IF(S4>=4,"S",IF(S4>=3,"A",IF(S4>=2,"B","C")))
A5: ZZ网络 | B5: 我的小店 | C5: 4 | D5: 4 | E5: 4 | F5: =AVERAGE(C5:E5) | G5: 3 | H5: 2 | I5: 4 | J5: =AVERAGE(G5:I5) | K5: 5 | L5: 5 | M5: 3 | N5: =AVERAGE(K5:M5) | O5: 3 | P5: 3 | Q5: 2 | R5: =AVERAGE(O5:Q5) | S5: =F5*0.25+J5*0.3+N5*0.25+R5*0.2 | T5: =IF(S5>=4,"S",IF(S5>=3,"A",IF(S5>=2,"B","C")))
A6: AA工作室 | B6: 脑洞大挑战 | C6: 5 | D6: 5 | E6: 5 | F6: =AVERAGE(C6:E6) | G6: 4 | H6: 5 | I6: 4 | J6: =AVERAGE(G6:I6) | K6: 5 | L6: 5 | M6: 3 | N6: =AVERAGE(K6:M6) | O6: 4 | P6: 3 | Q6: 5 | R6: =AVERAGE(O6:Q6) | S6: =F6*0.25+J6*0.3+N6*0.25+R6*0.2 | T6: =IF(S6>=4,"S",IF(S6>=3,"A",IF(S6>=2,"B","C")))
A7: BB科技 | B7: 末日要塞 | C7: 2 | D7: 4 | E7: 2 | F7: =AVERAGE(C7:E7) | G7: 5 | H7: 3 | I7: 5 | J7: =AVERAGE(G7:I7) | K7: 2 | L7: 2 | M7: 2 | N7: =AVERAGE(K7:M7) | O7: 5 | P7: 3 | Q7: 3 | R7: =AVERAGE(O7:Q7) | S7: =F7*0.25+J7*0.3+N7*0.25+R7*0.2 | T7: =IF(S7>=4,"S",IF(S7>=3,"A",IF(S7>=2,"B","C")))
A8: CC游戏 | B8: 合成大作战 | C8: 3 | D8: 3 | E8: 5 | F8: =AVERAGE(C8:E8) | G8: 3 | H8: 2 | I8: 4 | J8: =AVERAGE(G8:I8) | K8: 5 | L8: 5 | M8: 3 | N8: =AVERAGE(K8:M8) | O8: 2 | P8: 2 | Q8: 2 | R8: =AVERAGE(O8:Q8) | S8: =F8*0.25+J8*0.3+N8*0.25+R8*0.2 | T8: =IF(S8>=4,"S",IF(S8>=3,"A",IF(S8>=2,"B","C")))
A9: DD互动 | B9: 梦想家园 | C9: 3 | D9: 4 | E9: 4 | F9: =AVERAGE(C9:E9) | G9: 4 | H9: 3 | I9: 5 | J9: =AVERAGE(G9:I9) | K9: 4 | L9: 5 | M9: 3 | N9: =AVERAGE(K9:M9) | O9: 3 | P9: 4 | Q9: 3 | R9: =AVERAGE(O9:Q9) | S9: =F9*0.25+J9*0.3+N9*0.25+R9*0.2 | T9: =IF(S9>=4,"S",IF(S9>=3,"A",IF(S9>=2,"B","C")))
A10: EE网络 | B10: 卡牌大师 | C10: 2 | D10: 4 | E10: 3 | F10: =AVERAGE(C10:E10) | G10: 4 | H10: 4 | I10: 5 | J10: =AVERAGE(G10:I10) | K10: 3 | L10: 3 | M10: 3 | N10: =AVERAGE(K10:M10) | O10: 4 | P10: 3 | Q10: 3 | R10: =AVERAGE(O10:Q10) | S10: =F10*0.25+J10*0.3+N10*0.25+R10*0.2 | T10: =IF(S10>=4,"S",IF(S10>=3,"A",IF(S10>=2,"B","C")))
F11: =AVERAGE(C11:E11) | J11: =AVERAGE(G11:I11) | N11: =AVERAGE(K11:M11) | R11: =AVERAGE(O11:Q11) | S11: =F11*0.25+J11*0.3+N11*0.25+R11*0.2 | T11: =IF(S11>=4,"S",IF(S11>=3,"A",IF(S11>=2,"B","C")))
F12: =AVERAGE(C12:E12) | J12: =AVERAGE(G12:I12) | N12: =AVERAGE(K12:M12) | R12: =AVERAGE(O12:Q12) | S12: =F12*0.25+J12*0.3+N12*0.25+R12*0.2 | T12: =IF(S12>=4,"S",IF(S12>=3,"A",IF(S12>=2,"B","C")))
F13: =AVERAGE(C13:E13) | J13: =AVERAGE(G13:I13) | N13: =AVERAGE(K13:M13) | R13: =AVERAGE(O13:Q13) | S13: =F13*0.25+J13*0.3+N13*0.25+R13*0.2 | T13: =IF(S13>=4,"S",IF(S13>=3,"A",IF(S13>=2,"B","C")))
F14: =AVERAGE(C14:E14) | J14: =AVERAGE(G14:I14) | N14: =AVERAGE(K14:M14) | R14: =AVERAGE(O14:Q14) | S14: =F14*0.25+J14*0.3+N14*0.25+R14*0.2 | T14: =IF(S14>=4,"S",IF(S14>=3,"A",IF(S14>=2,"B","C")))
F15: =AVERAGE(C15:E15) | J15: =AVERAGE(G15:I15) | N15: =AVERAGE(K15:M15) | R15: =AVERAGE(O15:Q15) | S15: =F15*0.25+J15*0.3+N15*0.25+R15*0.2 | T15: =IF(S15>=4,"S",IF(S15>=3,"A",IF(S15>=2,"B","C")))
F16: =AVERAGE(C16:E16) | J16: =AVERAGE(G16:I16) | N16: =AVERAGE(K16:M16) | R16: =AVERAGE(O16:Q16) | S16: =F16*0.25+J16*0.3+N16*0.25+R16*0.2 | T16: =IF(S16>=4,"S",IF(S16>=3,"A",IF(S16>=2,"B","C")))
F17: =AVERAGE(C17:E17) | J17: =AVERAGE(G17:I17) | N17: =AVERAGE(K17:M17) | R17: =AVERAGE(O17:Q17) | S17: =F17*0.25+J17*0.3+N17*0.25+R17*0.2 | T17: =IF(S17>=4,"S",IF(S17>=3,"A",IF(S17>=2,"B","C")))
F18: =AVERAGE(C18:E18) | J18: =AVERAGE(G18:I18) | N18: =AVERAGE(K18:M18) | R18: =AVERAGE(O18:Q18) | S18: =F18*0.25+J18*0.3+N18*0.25+R18*0.2 | T18: =IF(S18>=4,"S",IF(S18>=3,"A",IF(S18>=2,"B","C")))
F19: =AVERAGE(C19:E19) | J19: =AVERAGE(G19:I19) | N19: =AVERAGE(K19:M19) | R19: =AVERAGE(O19:Q19) | S19: =F19*0.25+J19*0.3+N19*0.25+R19*0.2 | T19: =IF(S19>=4,"S",IF(S19>=3,"A",IF(S19>=2,"B","C")))
F20: =AVERAGE(C20:E20) | J20: =AVERAGE(G20:I20) | N20: =AVERAGE(K20:M20) | R20: =AVERAGE(O20:Q20) | S20: =F20*0.25+J20*0.3+N20*0.25+R20*0.2 | T20: =IF(S20>=4,"S",IF(S20>=3,"A",IF(S20>=2,"B","C")))
F21: =AVERAGE(C21:E21) | J21: =AVERAGE(G21:I21) | N21: =AVERAGE(K21:M21) | R21: =AVERAGE(O21:Q21) | S21: =F21*0.25+J21*0.3+N21*0.25+R21*0.2 | T21: =IF(S21>=4,"S",IF(S21>=3,"A",IF(S21>=2,"B","C")))
F22: =AVERAGE(C22:E22) | J22: =AVERAGE(G22:I22) | N22: =AVERAGE(K22:M22) | R22: =AVERAGE(O22:Q22) | S22: =F22*0.25+J22*0.3+N22*0.25+R22*0.2 | T22: =IF(S22>=4,"S",IF(S22>=3,"A",IF(S22>=2,"B","C")))
A24: 📋 评分标准：1-5分制
A25: 5分 | B25: 表现优秀（如DAU≥200万、月投放≥100万、年轻用户≥50%）
A26: 3分 | B26: 表现中等（如DAU 50-200万、月投放30-100万、年轻用户30-40%）
A27: 1分 | B27: 表现较弱（如DAU<50万、无投放记录、年轻用户<30%）

Sheet 客户分档结果
A1: 📊 客户分档结果
A2: 客户名称 | B2: 游戏名称 | C2: 综合得分 | D2: 客户等级 | E2: 建议策略 | F2: 跟进节奏 | G2: 销售确认
A3: AA工作室 | B3: 脑洞大挑战 | C3: =筛选评分表!S3 | D3: =筛选评分表!T3 | E3: 立即定制方案+主动触达 | F3: 每周跟进 | G3: 已确认
A4: XX游戏科技 | B4: 开心消消乐2 | C4: =筛选评分表!S4 | D4: =筛选评分表!T4 | E4: 立即定制方案+主动触达 | F4: 每周跟进 | G4: 已确认
A5: DD互动 | B5: 梦想家园 | C5: =筛选评分表!S10 | D5: =筛选评分表!T10 | E5: 通用方案+择机触达 | F5: 双周跟进 | G5: 待确认
A6: YY互娱 | B6: 王国纪元Lite | C6: =筛选评分表!S5 | D6: =筛选评分表!T5 | E6: 通用方案+择机触达 | F6: 双周跟进 | G6: 已确认
A7: ZZ网络 | B7: 我的小店 | C7: =筛选评分表!S6 | D7: =筛选评分表!T6 | E7: 入池观察+节点触达 | F7: 月度关注 | G7: 待确认
A8: EE网络 | B8: 卡牌大师 | C8: =筛选评分表!S11 | D8: =筛选评分表!T11 | E8: 入池观察+节点触达 | F8: 月度关注 | G8: —
A9: CC游戏 | B9: 合成大作战 | C9: =筛选评分表!S9 | D9: =筛选评分表!T9 | E9: 入池观察+节点触达 | F9: 月度关注 | G9: —
A10: BB科技 | B10: 末日要塞 | C10: =筛选评分表!S8 | D10: =筛选评分表!T8 | E10: 暂不跟进 | F10: 季度回看 | G10: —

Sheet 筛选日志
A1: 📝 筛选操作日志
A2: 日期 | B2: 操作人 | C2: 操作内容 | D2: 新增客户数 | E2: 备注
A3: 2026/3/15 | B3: 运营-小王 | C3: 首批客户池建立，从榜单+DataTalk导入8个候选客户 | D3: 8 | E3: 初始版本
A4: 2026/3/22 | B4: 运营-小王 | C4: 完成四维评分打分，产出S/A/B/C分档 | D4: 0 | E4: 销售确认中
A5: 2026/3/28 | B5: 运营-小王 | C5: 根据本周情报新增2个候选客户（CC游戏、DD互动） | D5: 2 | E5: 待评分
